{
  "project_info": {
    "project_number": "747561012904",
    "project_id": "palabras-desordenadas",
    "storage_bucket": "palabras-desordenadas.appspot.com"
  },
  "client": [
    {
      "client_info": {
        "mobilesdk_app_id": "1:747561012904:android:468f43a177c5ced4c1bc9d",
        "android_client_info": {
          "package_name": "com.example.proyecto_palabrasdesordenadas"
        }
      },
      "oauth_client": [],
      "api_key": [
        {
          "current_key": "AIzaSyC0FPb0koYQbQislVjQqj8BbAKT0AJSpYg"
        }
      ],
      "services": {
        "appinvite_service": {
          "other_platform_oauth_client": []
        }
      }
    }
  ],
  "configuration_version": "1"
}